[{"title":"Mentoring","price":243,"thumbnail":"https://cdn.bizneo.com/blog/wp-content/uploads/2019/11/Reverse-mentoring.jpg","id":1},{"title":"Courses","price":400,"thumbnail":"https://scholarship-positions.com/wp-content/uploads/2020/02/Free-Online-Course.jpg", "id":2}, {"title":"Book","price":13,"thumbnail":"https://straty.com/wp-content/uploads/2018/04/Best-Strategy-Books.jpg","id":3} , {"title":"development","price":34000,"thumbnail":"https://fiverr-res.cloudinary.com/image/upload/w_880/f_auto,q_auto/v1/attachments/generic_asset/asset/767bc10a0c44b0a67be1a94aea270205-1609336032121/website%20development-min.jpg","id":4}]