[{"email":"esteban@gmail.com","message":"¡Hola! ¿Cómo están?","date":"3/26/2022, 12:39:02 AM","id":1},{"email":"maria@gmail.com","message":"Muy bien, y vos? Qué estás haciendo?","date":"3/26/2022, 12:39:17 AM","id":2},{"email":"esteban@gmail.com","message":"Estaba revisando esta API","date":"3/26/2022, 12:39:31 AM","id":3},{"email":"maria@gmail.com","message":"Genial, yo también!","date":"3/26/2022, 12:39:39 AM","id":4},{"email":"maria@gmail.com","message":"Avisame si necesitas ayuda con algo! :)","date":"3/26/2022, 12:39:49 AM","id":5},{"email":"esteban@gmail.com","message":"Dale, cualquier cosa te aviso!","date":"3/26/2022, 12:40:00 AM","id":6}]